,serial,omp,gpu
1,3.660000,30.600000,4
2,9.670000,61.450001,4
3,13.380000,91.370003,4
4,16.340000,128.529999,4.4
5,19.209999,161.410004,5
40,,,5.7
